date,capital,gross_return,net_return,turnover,commission_cost,positions,universe_size
2019-11-03,1000.0,0.0,0.0,0.0,0.0,0,0
2019-11-10,1000.0,0.0,0.0,0.0,0.0,0,0
2019-11-17,1000.0,0.0,0.0,0.0,0.0,0,0
2019-11-24,1000.0,0.0,0.0,0.0,0.0,0,0
2019-12-01,1015.5378204180643,0.016027820418064265,0.015537820418064265,0.98,0.00049,1,1
2019-12-08,963.4183668115254,-0.05132202125675924,-0.05132202125675924,0.0,0.0,1,1
2019-12-15,1014.8947783078651,0.05343100491918482,0.05343100491918482,0.0,0.0,1,1
2019-12-22,999.086842428641,-0.015575935769007223,-0.015575935769007223,0.0,0.0,1,1
2019-12-29,995.2002155013064,-0.003890179273992553,-0.003890179273992553,0.0,0.0,1,1
2020-01-05,1105.5807310625448,0.11091287345193875,0.11091287345193875,0.0,0.0,1,1
2020-01-12,1174.2876571500403,0.062145553153285266,0.062145553153285266,0.0,0.0,1,1
2020-01-19,1161.7774608802645,-0.01065343418505958,-0.01065343418505958,0.0,0.0,1,1
2020-01-26,1257.8973539451924,0.08273520213767879,0.08273520213767879,0.0,0.0,1,1
2020-02-02,1518.4558720015789,0.20811813988016326,0.20713813988016325,1.96,0.00098,1,2
2020-02-09,1715.205620909887,0.12957225332400288,0.12957225332400288,0.0,0.0,1,2
2020-02-16,1817.7985974392984,0.05981380615753089,0.05981380615753089,0.0,0.0,1,2
2020-02-23,1450.3156573282836,-0.20215822623511853,-0.20215822623511853,0.0,0.0,1,2
2020-03-01,1329.901072735667,-0.0830264666758406,-0.0830264666758406,0.0,0.0,1,3
2020-03-08,835.790238670296,-0.3715395409441716,-0.3715395409441716,0.0,0.0,1,3
2020-03-15,904.2068748884055,0.0828386208029389,0.0818586208029389,1.96,0.00098,1,3
2020-03-22,914.287941869496,0.011149071369684628,0.011149071369684628,0.0,0.0,1,3
2020-03-29,1050.3944224498553,0.14886610043445905,0.14886610043445905,0.0,0.0,1,3
2020-04-05,1070.4106519118347,0.019055917505060062,0.019055917505060062,0.0,0.0,1,9
2020-04-12,1122.825745654568,0.04994727592267132,0.04896727592267132,1.96,0.00098,1,9
2020-04-19,1164.2275979817973,0.03687290969899668,0.03687290969899668,0.0,0.0,1,9
2020-04-26,1162.0823921472138,-0.0018426000537199805,-0.0018426000537199805,0.0,0.0,1,9
2020-05-03,1086.047192625135,-0.06445012787723793,-0.06543012787723793,1.96,0.00098,1,9
2020-05-10,1113.9352875284462,0.02567852952678932,0.02567852952678932,0.0,0.0,1,9
2020-05-17,1003.7520765232813,-0.09793347570973798,-0.09891347570973798,1.96,0.00098,1,9
2020-05-24,1057.101138943917,0.05412964090079111,0.053149640900791106,1.96,0.00098,1,9
2020-05-31,1111.2093863499654,0.052165497217517454,0.05118549721751745,1.96,0.00098,1,9
2020-06-07,1053.4144768872347,-0.05103081827842721,-0.05201081827842721,1.96,0.00098,1,9
2020-06-14,1036.3214734402616,-0.016226284925836425,-0.016226284925836425,0.0,0.0,1,9
2020-06-21,1022.4287316952995,-0.01340582251841458,-0.01340582251841458,0.0,0.0,1,9
2020-06-28,1061.128679828105,0.038830998248686556,0.037850998248686554,1.96,0.00098,1,9
2020-07-05,1514.2541996983693,0.42744369036600605,0.4270222155748982,0.8429495822156767,0.0004214747911078384,2,10
2020-07-12,1568.6313601064344,0.03600081742283452,0.035910192898191605,0.1812490492858323,9.062452464291615e-05,2,10
2020-07-19,1681.3379833170784,0.0718655788608358,0.0718502932409797,0.030571239712204767,1.5285619856102383e-05,2,10
2020-07-26,1678.828442485767,-0.0014760293092272864,-0.0014925855813715417,0.03311254428851057,1.6556272144255284e-05,2,10
2020-08-02,2777.124740692603,0.6547148380860319,0.6542040094225693,1.0216573269252032,0.0005108286634626015,1,9
2020-08-09,3771.325339458741,0.35799637812386803,0.35799637812386803,0.0,0.0,1,9
2020-08-16,3050.4995696745027,-0.19113327674023767,-0.19113327674023767,0.0,0.0,1,9
2020-08-23,3311.7744959070774,0.08564988136040079,0.08564988136040079,0.0,0.0,1,9
2020-08-30,2584.2921802235346,-0.21966541398957448,-0.21966541398957448,0.0,0.0,1,9
2020-09-06,2521.6722854678233,-0.023461523156674897,-0.02423096553668128,1.5388847600127673,0.0007694423800063836,4,20
2020-09-13,2203.5983230583215,-0.1253898703151508,-0.12613612174846603,1.4925028666304612,0.0007462514333152306,4,20
2020-09-20,2166.0943653675026,-0.016371741846877237,-0.01701941651451617,1.2953493352778627,0.0006476746676389313,4,20
2020-09-27,2175.5406218989856,0.004579471242316472,0.004360962607406976,0.4370172698189928,0.0002185086349094964,4,20
2020-10-04,2329.765026589174,0.07141770528417614,0.07089015168816706,1.0551071920181625,0.0005275535960090812,6,31
2020-10-11,2220.2049287419136,-0.04667202315628341,-0.04702624367559446,0.7084410386220896,0.00035422051931104483,6,31
2020-10-18,2213.3456012606184,-0.0029018966415855396,-0.0030895019610562503,0.37521063894142104,0.00018760531947071052,6,31
2020-10-25,2186.5364359752334,-0.011417534007167477,-0.012112507540673136,1.3899470670113185,0.0006949735335056592,6,31
2020-11-01,2319.804603433847,0.06118683786690852,0.0609494382375449,0.47479925872722617,0.0002373996293636131,5,28
2020-11-08,2267.3336847266532,-0.022388871480510008,-0.022618680310197172,0.45961765937433063,0.00022980882968716532,5,28
2020-11-15,2776.331840019269,0.22484672181730692,0.2244919478422426,0.7095479501286421,0.0003547739750643211,5,28
2020-11-22,2858.7234089189733,0.029959715011446106,0.029676412492223185,0.5666050384458445,0.0002833025192229223,5,28
2020-11-29,2969.7872235898417,0.039510815732284335,0.03885084311562239,1.3199452333238921,0.0006599726166619461,5,28
2020-12-06,2781.772153691968,-0.06297875537189977,-0.06330927293525197,0.6610351267044083,0.0003305175633522042,5,25
2020-12-13,2879.109064159877,0.03535777186473156,0.034990971614523955,0.7336005004152033,0.0003668002502076017,5,25
2020-12-20,3107.8891310713248,0.07999992008443013,0.07946210505165613,1.0756300655480093,0.0005378150327740047,5,25
2020-12-27,3705.2475032823177,0.19279433941314458,0.19220710489279147,1.174469040706227,0.0005872345203531135,5,25
2021-01-03,4286.187682697178,0.157385570991546,0.15678849493865948,1.1941521057729958,0.0005970760528864979,7,39
2021-01-10,4136.847621437902,-0.034561566368960364,-0.03484216565274194,0.5611985675631539,0.00028059928378157693,7,39
2021-01-17,4687.713118383177,0.13397048862353822,0.13316069320286036,1.6195908413557007,0.0008097954206778504,7,39
2021-01-24,5604.2252145669545,0.19585489942640583,0.19551369143935332,0.6824159741050335,0.00034120798705251676,7,39
2021-01-31,8607.96797670952,0.5363250490321885,0.5359782391212605,0.6936198218557876,0.00034680991092789383,7,36
2021-02-07,9849.638542014269,0.14429815200317897,0.14424665248108756,0.10299904418282034,5.1499522091410173e-05,7,36
2021-02-14,11672.15368458325,0.18548702016442406,0.18503370806907546,0.9066241906972112,0.0004533120953486056,7,36
2021-02-21,10591.939901422333,-0.09204799790969773,-0.0925462268876463,0.9964579558971438,0.0004982289779485719,7,36
2021-02-28,11467.615409428092,0.08330346747431609,0.08267376100653387,1.2594129355644605,0.0006297064677822303,8,40
2021-03-07,13101.181668543708,0.14287730685503858,0.1424503875297893,0.8538386504985236,0.0004269193252492618,8,40
2021-03-14,14290.109951622462,0.09119333834800808,0.09074969824541887,0.8872802051784143,0.0004436401025892072,8,40
2021-03-21,14926.590295823342,0.045169174735112866,0.04453991931172055,1.2585108467846282,0.0006292554233923142,8,40
2021-03-28,19992.07028569136,0.33988723338193977,0.33935948461621585,1.0554975314477986,0.0005277487657238993,8,40
2021-04-04,23740.51930122775,0.18807906993748583,0.18749679057597202,1.1645587230276055,0.0005822793615138028,8,40
2021-04-11,30394.697333331536,0.2805517912942561,0.2802878044777928,0.5279736329266996,0.0002639868164633498,8,40
2021-04-18,24575.362876411335,-0.19117970425059214,-0.19145887169399722,0.5583348868101758,0.0002791674434050879,8,40
2021-04-25,31773.896793634958,0.29310172326698564,0.29291668869447857,0.3700691450141912,0.0001850345725070956,8,40
2021-05-02,41278.129331515076,0.2994059289771237,0.299120771984884,0.5703139844793471,0.00028515699223967357,8,40
2021-05-09,35029.85978529345,-0.15082633996052008,-0.15136997842223424,1.0872769234282944,0.0005436384617141472,8,40
2021-05-16,19376.79405916245,-0.4462876260549687,-0.4468492258339729,1.1231995580084015,0.0005615997790042007,8,40
2021-05-23,21999.87155415259,0.13552606938468312,0.13537210990534315,0.30791895867992214,0.00015395947933996107,8,40
2021-05-30,24680.3849357597,0.12185898045908097,0.12184222871524673,0.03350348766846678,1.675174383423339e-05,8,40
2021-06-06,22259.53587837378,-0.097623020167484,-0.09808797811246141,0.9299158899548127,0.00046495794497740633,8,40
2021-06-13,20586.12555128638,-0.07464613526202077,-0.07517723353401984,1.062196543998151,0.0005310982719990755,8,40
2021-06-20,16807.541038775653,-0.18288217544124152,-0.18355005671645747,1.3357625504318802,0.0006678812752159402,8,40
2021-06-27,19886.124697709398,0.1837069934768385,0.18316680898361828,1.0803689864404407,0.0005401844932202204,8,40
2021-07-04,18884.62690474729,-0.04989408383594897,-0.05036163697985197,0.9351062878060118,0.0004675531439030059,8,40
2021-07-11,15881.651305499236,-0.1581509846821349,-0.15901694083737253,1.7319123104752792,0.0008659561552376396,8,40
2021-07-18,18595.04360215757,0.17135332906093648,0.17085076636324242,1.0051253953881032,0.0005025626976940516,8,40
2021-07-25,20124.829228247967,0.08262574383406389,0.08226846136101011,0.7145649461075536,0.0003572824730537768,8,40
2021-08-01,21802.763065490515,0.08406807341842601,0.08337630189116539,1.3835430545212288,0.0006917715272606144,8,40
2021-08-08,25941.365906259845,0.19052278727173827,0.18982010804492588,1.4053584536247514,0.0007026792268123757,8,40
2021-08-15,27204.96507604426,0.04930177122941076,0.048709816373990425,1.183909710840671,0.0005919548554203356,8,40
2021-08-22,28332.055743808472,0.04198803894584521,0.041429594363151266,1.116889165387898,0.000558444582693949,8,40
2021-08-29,33192.92054621745,0.17198006379729353,0.17156767042826537,0.8247867380562829,0.0004123933690281414,8,40
2021-09-05,33499.9847029899,0.009703584036481232,0.00925089301331276,0.9053820463369459,0.0004526910231684729,8,40
2021-09-12,32092.31403835268,-0.04161386079328916,-0.04202003902740846,0.812356468238604,0.000406178234119302,8,40
2021-09-19,26679.665969944315,-0.16837659724164672,-0.16865870320039408,0.5642119174947037,0.00028210595874735185,8,40
2021-09-26,29959.608084766347,0.12336951310030375,0.12293790029144339,0.863225617720719,0.00043161280886035955,8,40
2021-10-03,36433.43236960694,0.21674336600306587,0.21608507916805345,1.3165736700248694,0.0006582868350124347,8,40
2021-10-10,38313.79914935153,0.05202992768950805,0.05161102474970777,0.8378058796005566,0.0004189029398002783,8,40
2021-10-17,38963.7310432862,0.01743549477948471,0.016963389388798638,0.9442107813721394,0.0004721053906860697,8,40
2021-10-24,42760.12995585239,0.09785418976699332,0.09743417303513964,0.8400334637073685,0.00042001673185368426,8,40
2021-10-31,46754.177664943985,0.09404951510048801,0.09340588331268501,1.287263575605995,0.0006436317878029975,8,40
2021-11-07,43609.1694444806,-0.06673316797767168,-0.06726689201982257,1.0674480843017815,0.0005337240421508908,8,40
2021-11-14,42660.37106378078,-0.021253439123719325,-0.0217568551014884,1.0068319555381497,0.0005034159777690749,8,40
2021-11-21,42753.20704874744,0.0026117897844587564,0.0021761644976754646,0.8712505735665836,0.0004356252867832918,8,40
2021-11-28,33889.37820861689,-0.2070490764761332,-0.20732547221601333,0.5527914797602683,0.0002763957398801342,8,40
2021-12-05,33728.02227295156,-0.004026049647088314,-0.0047612539442904,1.4704085944041736,0.0007352042972020868,8,40
2021-12-12,32065.878685842305,-0.04886105072489873,-0.04928079012928737,0.8394788087772918,0.00041973940438864586,8,40
2021-12-19,39478.74323648467,0.23155159441539966,0.23117609292008218,0.7510029906349582,0.0003755014953174791,8,40
2021-12-26,38207.186871954866,-0.0315573844878442,-0.03220863331218405,1.3024976486796962,0.0006512488243398481,8,40
2022-01-02,32714.77334752868,-0.14322056092881255,-0.1437534132736103,1.0657046895955016,0.0005328523447977508,8,40
2022-01-09,37384.66959219464,0.14290735187250134,0.14274579239958973,0.3231189458232332,0.0001615594729116166,8,40
2022-01-16,24867.688889640245,-0.3345345057021859,-0.33481587075916674,0.562730113961639,0.0002813650569808195,8,40
2022-01-23,23892.587876829006,-0.03880745364096842,-0.03921156554348972,0.8082238050425987,0.00040411190252129936,8,40
2022-01-30,26513.4142773807,0.10996499994466827,0.1096920272539152,0.5459453815061158,0.0002729726907530579,8,40
2022-02-06,25889.61958777351,-0.022873984872772653,-0.023527512642510275,1.3070555394752403,0.0006535277697376202,8,40
2022-02-13,22779.395268454915,-0.11975838839351993,-0.12013402934616373,0.7512819052875992,0.0003756409526437996,8,40
2022-02-20,21671.23009762521,-0.048418616574197895,-0.0486476992813018,0.45816541420780604,0.00022908270710390302,8,40
2022-02-27,20802.661285447102,-0.03974372027069896,-0.04007934982303056,0.6712591046631966,0.0003356295523315983,8,40
2022-03-06,20209.32331331738,-0.027916295526885612,-0.028522214729554893,1.2118384053385631,0.0006059192026692815,8,40
2022-03-13,22270.970708424822,0.10245966545325078,0.10201466734657433,0.8899962133528816,0.0004449981066764408,8,40
2022-03-20,26069.61369382613,0.17096962503578603,0.17056476949899313,0.8097110735857913,0.00040485553679289564,8,40
2022-03-27,28370.076251231734,0.08887171777096285,0.08824306276354237,1.2573100148409764,0.0006286550074204882,8,40
2022-04-03,22939.352975292757,-0.19071632012572806,-0.19142434542110875,1.4160505907613614,0.0007080252953806807,8,40
2022-04-10,21382.701024799593,-0.0673953472746893,-0.06785945323609549,0.9282119228124044,0.0004641059614062022,8,40
2022-04-17,21151.975820439166,-0.010521422776754117,-0.010790274067473174,0.5377025814381129,0.00026885129071905643,8,40
2022-04-24,19245.51001351188,-0.0897537204261756,-0.09013180721798424,0.756173583617252,0.00037808679180862596,8,40
2022-05-01,16979.205603700804,-0.11699474586278881,-0.11775756569817836,1.5256396707790905,0.0007628198353895453,8,40
2022-05-08,13711.169200482862,-0.192189582602824,-0.19247286825395638,0.5665713022647367,0.0002832856511323684,8,40
2022-05-15,13046.606686078198,-0.048233814156354256,-0.048468697649888204,0.4697669870678935,0.00023488349353394675,8,40
2022-05-22,12131.375808636212,-0.06992169487039074,-0.0701508752017957,0.4583606628099377,0.00022918033140496887,8,40
2022-05-29,12054.368273745918,-0.00601738575023357,-0.006347798972270918,0.6608264440746964,0.0003304132220373482,8,40
2022-06-05,10561.121249887125,-0.12331707214924063,-0.12387600826092601,1.117872223370745,0.0005589361116853725,8,40
2022-06-12,9475.314009296035,-0.10226623375001535,-0.10281173891481407,1.0910103295974425,0.0005455051647987213,8,40
2022-06-19,9970.258005745593,0.05269785553649724,0.05223510228410137,0.9255065047917281,0.0004627532523958641,8,40
2022-06-26,9342.700310667551,-0.06257464341605895,-0.06294297446629728,0.7366621004766543,0.0003683310502383271,8,40
2022-07-03,10205.778194350587,0.09302469469149546,0.0923799174739202,1.2895544351505188,0.0006447772175752594,8,40
2022-07-10,9759.887434924804,-0.04342177470712498,-0.043690030386179295,0.5365113581086232,0.0002682556790543116,8,40
2022-07-17,11424.127671485832,0.1711672269966732,0.17051838432128913,1.2976853507681498,0.0006488426753840749,8,40
2022-07-24,12475.050955608152,0.09229995416232208,0.09199155632209734,0.6167956804494888,0.0003083978402247444,8,40
2022-07-31,12925.979217865719,0.03666082509807503,0.03614640644452452,1.0288373071010093,0.0005144186535505046,8,40
2022-08-07,12231.41760665428,-0.05342810748799493,-0.05373377130696958,0.6113276379493027,0.00030566381897465135,8,40
2022-08-14,9971.20921880669,-0.1841925252468393,-0.1847871163043248,1.1891821149710025,0.0005945910574855013,8,40
2022-08-21,8961.053456426256,-0.10091077967444763,-0.10130724771827877,0.7929360876622764,0.00039646804383113824,8,40
2022-08-28,9485.905161826755,0.059111963662777954,0.058570312960705494,1.0833014041449271,0.0005416507020724636,8,40
2022-09-04,9980.605341030927,0.05289222906692199,0.052151077916628014,1.482302300587949,0.0007411511502939745,8,40
2022-09-11,9202.145545100346,-0.07760643110389943,-0.07799725260453713,0.781643001275398,0.000390821500637699,8,40
2022-09-18,10110.217639992614,0.0989541984213937,0.09868047516111816,0.5474465205510688,0.0002737232602755344,8,40
2022-09-25,9340.981231513644,-0.07593383356580131,-0.07608504938965215,0.3024316477016563,0.00015121582385082817,8,40
2022-10-02,9973.854814312781,0.06820449371754249,0.0677523663856655,0.9042546637539944,0.0004521273318769972,8,40
2022-10-09,9310.22054763559,-0.0661122300248237,-0.06653738990915077,0.8503197686541214,0.00042515988432706073,8,40
2022-10-16,9389.526915324623,0.009036741502979256,0.008518205050381254,1.037072905196006,0.000518536452598003,8,40
2022-10-23,10090.907183048834,0.0750915370365545,0.07469814763292182,0.786778807265357,0.0003933894036326785,8,40
2022-10-30,10378.3812330203,0.028968327401906857,0.028488424752769186,0.9598052982753428,0.0004799026491376714,8,40
2022-11-06,8633.910734451962,-0.1675552650002627,-0.16808695493070316,1.063379860880961,0.0005316899304404805,8,40
2022-11-13,8184.388192870535,-0.05181923351825689,-0.05206476594525039,0.4910648539870122,0.0002455324269935061,8,40
2022-11-20,9011.994121590818,0.10131590674214667,0.10112007265750371,0.3916681692859192,0.0001958340846429596,8,40
2022-11-27,9220.816230766957,0.023301597566830236,0.02317157627476095,0.2600425841385713,0.00013002129206928563,8,40
2022-12-04,8853.07310832775,-0.039369454078956666,-0.0398818405264563,1.0247728949992658,0.0005123864474996329,8,40
2022-12-11,8045.254079515111,-0.09059452312094522,-0.09124730123969657,1.3055562375026872,0.0006527781187513436,8,40
2022-12-18,8156.499452131398,0.014284914937149475,0.013827452994870676,0.9149238845575984,0.00045746194227879925,8,40
2022-12-25,8161.477107519712,0.000829744471490547,0.0006102685861167278,0.43895177074763847,0.00021947588537381924,8,40
2023-01-01,8747.587543272646,0.07203050500621315,0.0718142596041729,0.4324908040805167,0.00021624540204025837,8,40
2023-01-08,10815.877989169536,0.2370236355530632,0.23644124001794223,1.1647910702419377,0.0005823955351209689,8,40
2023-01-15,12485.509561719393,0.1551141952312167,0.15436856575321378,1.4912589560058296,0.0007456294780029149,8,40
2023-01-22,13403.456283008154,0.07368978609964136,0.07352096578446336,0.3376406303560006,0.00016882031517800032,8,40
2023-01-29,13321.081376012095,-0.005851816685834661,-0.006145795924330938,0.5879584769925544,0.00029397923849627724,8,40
2023-02-05,12006.362452707754,-0.09825885219818191,-0.0986946094084987,0.8715144206335799,0.00043575721031678997,8,40
2023-02-12,14042.898223625627,0.17013689032833829,0.1696213802423215,1.031020172033568,0.000515510086016784,8,40
2023-02-19,13230.790050202353,-0.05719220395241168,-0.05783052475998094,1.2766416151385194,0.0006383208075692597,8,40
2023-02-26,11513.384885180383,-0.1296791042766038,-0.12980367449755617,0.24914044190472004,0.00012457022095236001,8,40
2023-03-05,11008.749724235433,-0.04300072168680115,-0.04383030411799221,1.6591648623821131,0.0008295824311910565,8,40
2023-03-12,12165.031201731132,0.10536462072506098,0.10503295164846736,0.6633381531872187,0.0003316690765936093,8,40
2023-03-19,12234.678940312326,0.006292538949404174,0.005725241261303346,1.1345953762016554,0.0005672976881008278,8,40
2023-03-26,12501.722244069959,0.022149564565006323,0.021826752059487625,0.6456250110373938,0.0003228125055186969,8,40
2023-04-02,12654.428698488722,0.012440446454601876,0.012214833399550087,0.45122611010357644,0.0002256130550517882,8,40
2023-04-09,14326.513952381294,0.13256365770644019,0.1321343929254003,0.8585295620797618,0.00042926478103988094,8,40
2023-04-16,12249.85052494314,-0.1445564794555987,-0.14495245907975965,0.7919592483218804,0.0003959796241609402,8,40
2023-04-23,12495.933453159378,0.020293417039065627,0.020088647425955414,0.40953922622042505,0.00020476961311021252,8,40
2023-04-30,11994.709581645431,-0.03951171123207084,-0.04011095876852813,1.1984950729145831,0.0005992475364572916,8,40
2023-05-07,11670.022777222466,-0.026709932833456296,-0.027069167637022953,0.7184696071333136,0.00035923480356665684,8,40
2023-05-14,11872.605526323383,0.01752065300892925,0.017359241962776467,0.32282209230556547,0.00016141104615278274,8,40
2023-05-21,12442.245591122764,0.048343358184197445,0.047979364220970974,0.7279879264529351,0.00036399396322646756,8,40
2023-05-28,12689.480193712947,0.020105977390328735,0.01987057728281594,0.47080021502558606,0.00023540010751279302,8,40
2023-06-04,10059.474006426593,-0.20664173168968164,-0.20725878027607467,1.2340971727860564,0.0006170485863930282,8,40
2023-06-11,9953.23268947627,-0.010147210390144483,-0.010561319297852867,0.8282178154167685,0.00041410890770838426,8,40
2023-06-18,11070.122863458197,0.11258174360340961,0.11221381121360047,0.7358647796182903,0.00036793238980914515,8,40
2023-06-25,11854.679896496034,0.0711710681459141,0.07087157412024887,0.5989880513304628,0.0002994940256652314,8,40
2023-07-02,11191.818061109154,-0.05557387568147554,-0.055915624983075764,0.6834986032004484,0.0003417493016002242,8,40
2023-07-09,11713.455697827547,0.0470783625836492,0.046608838159284446,0.9390488487295012,0.0004695244243647506,8,40
2023-07-16,11381.268849550925,-0.027687374646320793,-0.02835942328601042,1.3440972793792492,0.0006720486396896246,8,40
2023-07-23,10968.225077625648,-0.03575661210268392,-0.036291539843694445,1.0698554820210566,0.0005349277410105284,8,40
2023-07-30,10946.099824533245,-0.0013852119864337228,-0.002017213627165365,1.2640032814632851,0.0006320016407316425,8,40
2023-08-06,11257.40548919161,0.028767515365583713,0.028439870789470075,0.6552891522272742,0.00032764457611363714,8,40
2023-08-13,9641.581625028355,-0.1431310057115597,-0.14353430421553434,0.8065970079492564,0.0004032985039746282,8,40
2023-08-20,9753.323845053861,0.012090023712686943,0.011589615103753973,1.0008172178659385,0.0005004086089329693,8,40
2023-08-27,9438.224954356661,-0.03220568974100828,-0.032306821315791046,0.20226314956553557,0.00010113157478276779,8,40
2023-09-03,9375.706356439545,-0.006278958128874777,-0.0066239783666374764,0.6900404755253994,0.0003450202377626997,8,40
2023-09-10,9519.448531678969,0.015613370434039573,0.0153313435569253,0.5640537542285453,0.00028202687711427265,8,40
2023-09-17,9734.117444551683,0.023251966746805394,0.022550561848024554,1.4028097975616833,0.0007014048987808417,8,40
2023-09-24,11443.91051255919,0.17615348131333522,0.17564952115556212,1.0079203155461953,0.0005039601577730977,8,40
2023-10-01,10616.94687322379,-0.07180797838571007,-0.07226233012114572,0.9087034708713099,0.00045435173543565495,8,40
2023-10-08,10298.028415721348,-0.02982917720285807,-0.030038622337534873,0.4188902693536094,0.0002094451346768047,8,40
2023-10-15,11909.83286853593,0.15696792958245395,0.1565158288312684,0.9042015023710894,0.00045210075118554474,8,40
2023-10-22,14001.113649494442,0.17598651007686983,0.17559278992767197,0.7874402983957418,0.00039372014919787093,8,40
2023-10-29,14821.494852970642,0.05901243313230469,0.058593996450119555,0.8368733643702762,0.0004184366821851381,8,40
2023-11-05,18246.959509624267,0.23164643692984482,0.23111465413133175,1.063565597026146,0.000531782798513073,8,40
2023-11-12,19444.032733053387,0.06591151739618531,0.06560398310730786,0.6150685777548841,0.0003075342888774421,8,40
2023-11-19,19125.69321658163,-0.016215292257308382,-0.016372093219664565,0.31360192471236414,0.00015680096235618207,8,40
2023-11-26,20017.978495381674,0.046927426700793626,0.04665374837375569,0.5473566540758716,0.0002736783270379358,8,40
2023-12-03,23184.541437672095,0.15846843000347688,0.15818594984608336,0.5649603147870353,0.0002824801573935177,8,40
2023-12-10,23078.652320669327,-0.003945199414697585,-0.004567229301792914,1.2440597741906585,0.0006220298870953292,8,40
2023-12-17,26786.10835690314,0.16114896651138916,0.16064439052679863,1.009151969181068,0.000504575984590534,8,40
2023-12-24,25896.402535380887,-0.03285278087478844,-0.03321519534184082,0.7248289341047569,0.00036241446705237846,8,40
2023-12-31,24338.494250925723,-0.05976545684017462,-0.0601592550288278,0.7875963773063672,0.0003937981886531836,8,40
2024-01-07,25189.546724682416,0.03530007133461043,0.03496734288417696,0.6654569008669482,0.0003327284504334741,8,40
2024-01-14,23025.558374362725,-0.08547924140635507,-0.08590818937600284,0.8578959392955264,0.00042894796964776323,8,40
2024-01-21,22834.399925366764,-0.007766379314820181,-0.008302011438245967,1.071264246851574,0.000535632123425787,8,40
2024-01-28,22554.96887374754,-0.0118109522260646,-0.012237284646521603,0.8526648409140036,0.0004263324204570018,8,40
2024-02-04,24540.116028761327,0.08867467069708604,0.08801373950572657,1.3218623827189446,0.0006609311913594723,8,40
2024-02-11,26518.07224412542,0.08132016982811886,0.08060093167635812,1.4384763035214807,0.0007192381517607403,8,40
2024-02-18,26241.57972684752,-0.0100793836344098,-0.010426569274436815,0.6943712800540304,0.0003471856400270152,8,40
2024-02-25,31233.35654273578,0.19095371824181318,0.19022394489388206,1.4595466958622363,0.0007297733479311181,8,40
2024-03-03,34234.78587437304,0.09669819699729185,0.09609691893122295,1.2025561321378073,0.0006012780660689037,8,40
2024-03-10,34058.03853202541,-0.004834494958178677,-0.005162799703091828,0.6566094898263011,0.00032830474491315055,8,40
2024-03-17,33440.60141854336,-0.017657452509424437,-0.01812896866921638,0.9430323195838844,0.0004715161597919422,8,40
2024-03-24,36239.86111574784,0.084143366911045,0.08370841367859608,0.8699064648978535,0.0004349532324489268,8,40
2024-03-31,32836.639609914775,-0.09338084403111781,-0.09390823808522292,1.0547881082102324,0.0005273940541051162,8,40
2024-04-07,27768.26232209849,-0.15419239813291208,-0.15435127796347128,0.31775966111840903,0.0001588798305592045,8,40
2024-04-14,27207.576359541785,-0.019719154715783862,-0.02019161141784887,0.9449134041300122,0.0004724567020650061,8,40
2024-04-21,26861.986793044958,-0.01243391412492326,-0.012701960730714805,0.5360932115830879,0.00026804660579154396,8,40
2024-04-28,27496.033379081233,0.024035625858737444,0.023603860389077413,0.863530939320062,0.000431765469660031,8,40
2024-05-05,25953.29398180695,-0.055480273842620706,-0.05610770746474233,1.254867244243237,0.0006274336221216185,8,40
2024-05-12,26758.196225181444,0.031421749745808844,0.031013490770717893,0.8165179501819014,0.00040825897509095074,8,40
2024-05-19,31369.440716677236,0.1727837978514666,0.1723301695185368,0.9072566658596248,0.00045362833292981244,8,40
2024-05-26,31589.38152685783,0.007317478195616123,0.0070113079849606985,0.6123404213108488,0.0003061702106554244,8,40
2024-06-02,28393.555809522237,-0.10077825242054118,-0.10116772038156073,0.7789359220390798,0.0003894679610195399,8,40
2024-06-09,26214.54424610924,-0.0764141154538602,-0.07674317292384457,0.6581149399687278,0.00032905746998436393,8,40
2024-06-16,23620.493140025574,-0.09870798836260448,-0.09895465210953172,0.4933274938544674,0.0002466637469272337,8,40
2024-06-23,23664.36423850678,0.0024098405799872517,0.0018573320303319014,1.1050170993107005,0.0005525085496553503,8,40
2024-06-30,20145.72791166709,-0.14853365848012176,-0.1486892397098142,0.31116245938488984,0.00015558122969244493,8,40
2024-07-07,22261.561696806053,0.10529121692370612,0.10502642517640734,0.5295834945975546,0.0002647917472987773,8,40
2024-07-14,25060.833762686947,0.12605533446974582,0.12574464020116424,0.6213885371631641,0.0003106942685815821,8,40
2024-07-21,22855.365173272818,-0.08742035323227175,-0.08800459754447,1.1684886243965105,0.0005842443121982552,8,40
2024-07-28,17731.63301420568,-0.2237335046342844,-0.22418071731616238,0.8944253637559194,0.0004472126818779597,8,40
2024-08-04,18199.653921840436,0.02685237326265059,0.026394687238327236,0.9153720486467108,0.00045768602432335546,8,40
2024-08-11,18391.819028123806,0.010977791552386346,0.010558723100375096,0.8381369040224974,0.0004190684520112487,8,40
2024-08-18,19756.75232889949,0.074539260537025,0.07421415460257079,0.6502118689084269,0.00032510593445421346,8,40
2024-08-25,16939.83305066004,-0.14235058904256837,-0.14258007750185533,0.458976918573937,0.0002294884592869685,8,40
2024-09-01,16586.57340608938,-0.020419179575871464,-0.020853785483847614,0.8692118159522977,0.0004346059079761489,8,40
2024-09-08,17068.96642473889,0.029551242822892523,0.02908334390950257,0.9357978267799044,0.0004678989133899522,8,40
2024-09-15,19459.21829305624,0.14061251805362848,0.14003495049665363,1.155135113949716,0.0005775675569748579,8,40
2024-09-22,20768.840312574983,0.06778705497176317,0.06730085452538778,0.9724008927507835,0.00048620044637539173,8,40
2024-09-29,18910.66585977614,-0.0886068856506341,-0.08946934084103704,1.7249103808058734,0.0008624551904029367,8,40
2024-10-06,21083.109683322135,0.11539689414146939,0.11487928768107965,1.0352129207794878,0.0005176064603897439,8,40
2024-10-13,22248.988289876987,0.055454421153082356,0.055299176642671595,0.3104890208215177,0.00015524451041075884,8,40
2024-10-20,20740.832629901986,-0.06748660435061403,-0.06778535906107655,0.5975094209250499,0.00029875471046252494,8,40
2024-10-27,20089.74594612568,-0.030873190324687036,-0.03139154032021056,1.0366999910470502,0.0005183499955235251,8,40
2024-11-03,27148.59466896354,0.35194455060739704,0.3513657535425012,1.1575941297916335,0.0005787970648958167,8,40
2024-11-10,30300.07863209727,0.11646429706955815,0.11608276603490372,0.7630620693088378,0.00038153103465441893,8,40
2024-11-17,33511.57717460059,0.10641646688466085,0.10598977585164876,0.853382066024159,0.0004266910330120795,8,40
2024-11-24,38086.911030975396,0.1367393241428328,0.13652994702507115,0.4187542355233084,0.00020937711776165423,8,40
2024-12-01,42724.43457225114,0.12206249367660693,0.12176160827282986,0.6017708075541378,0.0003008854037770689,8,40
2024-12-08,39726.146707948436,-0.06998721648897348,-0.07017735622064965,0.3802794633523333,0.00019013973167616665,8,40
2024-12-15,31502.693111721244,-0.2065357207688423,-0.20700355503097,0.9356685242554421,0.0004678342621277211,8,40
2024-12-22,30127.54285448416,-0.0433250319622629,-0.04365183168182629,0.6535994391267855,0.00032679971956339277,8,40
